text,sentiment
The situation in Gaza is heartbreaking. Innocent lives are being lost. #Gaza,0
Praying for peace and justice in Palestine. #FreePalestine #Justice,1
"Israel's actions amount to genocide, the world must act now! #Peace",1
Hope for a ceasefire soon to end the suffering. #StopWar,1
"The conflict is complex, both sides have suffered. #StopWar",-1
Human rights violations in Gaza are unacceptable. #Justice,1
"We need dialogue and diplomacy, not violence. #Peace",1
Media coverage sometimes misses the human cost of war. #Gaza,-1
Support for Palestine is growing worldwide. #Peace,1
War only brings more pain and destruction. #StopWar,-1
Condemning all acts of violence from any side. #HumanRights,-1
The international community must intervene urgently. #Justice,1
Children and civilians are paying the highest price. #Gaza,0
The goal should be peaceful coexistence. #Gaza,1
Social media is evolving the discourse on this conflict. #StopWar,-1
Every life lost is a tragedy. #HumanRights,0
Sending thoughts and prayers to those affected. #Justice,1
The world needs to face the humanitarian crisis. #Gaza,0
Progress toward peace seems distant but not impossible. #Peace,1
Civilians caught in crossfire deserve protection. #Gaza,1
Justice and accountability must be upheld. #Peace,1
The ongoing siege is devastating for Gaza. #Peace,1
Israel must comply with international law. #Gaza,0
Solidarity with Palestinians facing hardship. #Justice,1
End the blockade to save lives. #StopWar,-1
Violence only fuels more violence. #StopWar,-1
Seeking justice through peaceful means. #Justice,1
The world watches as history unfolds painfully. #HumanRights,0
Human rights must never be compromised. #Justice,1
United we stand for peace and human dignity. #Peace,1
The media's role in conflict coverage is crucial. #Gaza,0
Every voice counts in the fight for justice. #Gaza,1
Genocide accusations reflect the gravity of the situation. #StopWar,-1
Peace is the only way forward. #Justice,1
We pray for the families affected by the conflict. #Peace,1
More humanitarian aid is needed urgently. #Peace,1
The conflict continues to disrupt innocent lives. #Gaza,-1
Peace comes from understanding and dialogue. #Peace,1
The world must not ignore the suffering. #StopWar,-1
Support is growing for a peaceful resolution. #Gaza,1
Civilians deserve protection during conflicts. #Justice,1
Acknowledging suffering is the first step toward peace. #Peace,1
Change requires empathy and action. #StopWar,1
The path to peace is difficult but necessary. #StopWar,1
Urgent calls for ceasefire continue. #Justice,1
International pressure must increase to stop violence. #StopWar,-1
We honor the resilience of Palestinians. #Justice,1
War crimes and atrocities must be investigated. #StopWar,-1
The humanitarian situation is critical. #StopWar,-1
Global voices demand justice for Palestine. #StopWar,1
Every moment counts in ending the conflict. #Gaza,0
The situation in Gaza is heartbreaking. Innocent lives are being lost. #Justice,1
Praying for peace and justice in Palestine. #FreePalestine #StopWar,1
"Israel's actions amount to genocide, the world must act now! #Justice",1
Hope for a ceasefire soon to end the suffering. #StopWar,1
"The conflict is complex, both sides have suffered. #Peace",1
Human rights violations in Gaza are unacceptable. #Gaza,0
"We need dialogue and diplomacy, not violence. #Justice",1
Media coverage sometimes misses the human cost of war. #HumanRights,-1
Support for Palestine is growing worldwide. #Justice,1
War only brings more pain and destruction. #HumanRights,-1
Condemning all acts of violence from any side. #Peace,1
The international community must intervene urgently. #HumanRights,0
Children and civilians are paying the highest price. #Justice,1
The goal should be peaceful coexistence. #Peace,1
Social media is evolving the discourse on this conflict. #StopWar,-1
Every life lost is a tragedy. #HumanRights,0
Sending thoughts and prayers to those affected. #HumanRights,0
The world needs to face the humanitarian crisis. #StopWar,-1
Progress toward peace seems distant but not impossible. #Gaza,1
Civilians caught in crossfire deserve protection. #HumanRights,1
Justice and accountability must be upheld. #HumanRights,1
The ongoing siege is devastating for Gaza. #StopWar,-1
Israel must comply with international law. #Gaza,0
Solidarity with Palestinians facing hardship. #Gaza,1
End the blockade to save lives. #HumanRights,-1
Violence only fuels more violence. #Peace,1
Seeking justice through peaceful means. #HumanRights,1
The world watches as history unfolds painfully. #Justice,1
Human rights must never be compromised. #StopWar,-1
United we stand for peace and human dignity. #StopWar,1
The media's role in conflict coverage is crucial. #Gaza,0
Every voice counts in the fight for justice. #Peace,1
Genocide accusations reflect the gravity of the situation. #Gaza,-1
Peace is the only way forward. #Gaza,1
We pray for the families affected by the conflict. #HumanRights,0
More humanitarian aid is needed urgently. #Peace,1
The conflict continues to disrupt innocent lives. #Gaza,-1
Peace comes from understanding and dialogue. #Peace,1
The world must not ignore the suffering. #Gaza,-1
Support is growing for a peaceful resolution. #Gaza,1
Civilians deserve protection during conflicts. #Justice,1
Acknowledging suffering is the first step toward peace. #Justice,1
Change requires empathy and action. #StopWar,1
The path to peace is difficult but necessary. #Gaza,1
Urgent calls for ceasefire continue. #Gaza,0
International pressure must increase to stop violence. #HumanRights,-1
We honor the resilience of Palestinians. #HumanRights,1
War crimes and atrocities must be investigated. #Peace,1
The humanitarian situation is critical. #Justice,1
Global voices demand justice for Palestine. #StopWar,1
Every moment counts in ending the conflict. #StopWar,-1
The situation in Gaza is heartbreaking. Innocent lives are being lost. #Peace,1
Praying for peace and justice in Palestine. #FreePalestine #HumanRights,1
"Israel's actions amount to genocide, the world must act now! #Peace",1
Hope for a ceasefire soon to end the suffering. #Peace,1
"The conflict is complex, both sides have suffered. #HumanRights",0
Human rights violations in Gaza are unacceptable. #StopWar,-1
"We need dialogue and diplomacy, not violence. #Peace",1
Media coverage sometimes misses the human cost of war. #Gaza,-1
Support for Palestine is growing worldwide. #Justice,1
War only brings more pain and destruction. #Gaza,-1
Condemning all acts of violence from any side. #Justice,1
The international community must intervene urgently. #HumanRights,0
Children and civilians are paying the highest price. #Gaza,0
The goal should be peaceful coexistence. #StopWar,1
Social media is evolving the discourse on this conflict. #StopWar,-1
Every life lost is a tragedy. #Gaza,0
Sending thoughts and prayers to those affected. #StopWar,-1
The world needs to face the humanitarian crisis. #StopWar,-1
Progress toward peace seems distant but not impossible. #Peace,1
Civilians caught in crossfire deserve protection. #Peace,1
Justice and accountability must be upheld. #Gaza,1
The ongoing siege is devastating for Gaza. #Peace,1
Israel must comply with international law. #HumanRights,0
Solidarity with Palestinians facing hardship. #StopWar,1
End the blockade to save lives. #HumanRights,-1
Violence only fuels more violence. #StopWar,-1
Seeking justice through peaceful means. #Peace,1
The world watches as history unfolds painfully. #StopWar,-1
Human rights must never be compromised. #Justice,1
United we stand for peace and human dignity. #HumanRights,1
The media's role in conflict coverage is crucial. #Justice,1
Every voice counts in the fight for justice. #Peace,1
Genocide accusations reflect the gravity of the situation. #Gaza,-1
Peace is the only way forward. #StopWar,1
We pray for the families affected by the conflict. #StopWar,-1
More humanitarian aid is needed urgently. #StopWar,-1
The conflict continues to disrupt innocent lives. #Gaza,-1
Peace comes from understanding and dialogue. #Justice,1
The world must not ignore the suffering. #HumanRights,-1
Support is growing for a peaceful resolution. #StopWar,1
Civilians deserve protection during conflicts. #Justice,1
Acknowledging suffering is the first step toward peace. #HumanRights,1
Change requires empathy and action. #HumanRights,1
The path to peace is difficult but necessary. #Justice,1
Urgent calls for ceasefire continue. #StopWar,-1
International pressure must increase to stop violence. #Peace,1
We honor the resilience of Palestinians. #StopWar,1
War crimes and atrocities must be investigated. #StopWar,-1